distance_km,load_weight_ton,fuel_price_liter,route_type,vehicle_type,toll_charges,driver_experience,cargo_type,num_stops,freight_price
1226,22.96,90.22,City,Large,2168,17,Fragile,0,41012.05
1559,11.96,86.23,Highway,Medium,1757,18,Hazardous,0,24497.9
960,7.99,93.59,Highway,Medium,1987,18,General,0,13963.7
1394,6.95,93.0,Mixed,Medium,2195,17,Hazardous,2,20573.16
1230,8.29,86.85,Mixed,Large,1614,12,General,4,20678.36
1195,8.97,87.95,Mixed,Small,2698,4,General,4,16935.62
1824,7.01,92.93,Mixed,Large,2434,12,Fragile,0,28630.77
1144,26.47,86.85,Mixed,Large,1101,20,General,2,37567.04
1738,22.95,94.18,Highway,Small,1133,15,General,2,30727.54
221,2.36,89.25,Highway,Large,2689,16,General,0,4371.56
566,8.79,85.87,Mixed,Small,2140,5,Fragile,5,10152.34
1338,1.64,93.16,Highway,Small,2903,15,Fragile,5,16667.1
430,15.45,88.74,City,Large,373,17,General,1,10384.35
1582,14.81,90.26,Highway,Large,1055,18,General,0,31461.55
187,25.11,86.12,Highway,Medium,2747,5,General,1,7096.37
1496,9.93,85.03,City,Small,1879,13,General,5,21505.55
1223,24.68,91.38,City,Medium,480,19,General,5,34882.35
971,29.07,90.15,City,Large,1452,13,Fragile,0,38133.91
1787,3.56,90.94,City,Medium,578,18,General,1,19195.81
230,23.96,92.94,Highway,Medium,2162,14,General,1,8856.9
1785,18.11,91.47,Highway,Small,615,4,General,0,26891.23
1432,14.92,86.75,Mixed,Small,290,4,General,1,21162.97
869,13.2,88.61,City,Large,1291,20,Hazardous,3,21721.32
443,23.76,94.06,Highway,Medium,2768,20,General,5,13450.91
1615,19.54,92.7,Mixed,Large,1260,19,General,4,43607.22
1537,24.35,90.57,Highway,Medium,2301,13,General,2,36327.87
905,27.19,87.56,Highway,Large,1511,12,General,1,27537.93
485,18.9,88.02,Highway,Small,371,7,General,1,7716.48
1315,29.43,92.32,Mixed,Medium,242,12,General,2,37180.0
1055,18.63,93.51,City,Small,2012,4,General,1,19894.7
376,19.46,91.71,Highway,Medium,1192,2,General,2,10295.04
1284,17.09,93.1,Mixed,Medium,2394,2,General,0,27502.22
559,3.64,92.67,Highway,Large,887,5,General,3,7681.21
1437,22.07,86.5,Highway,Medium,2226,10,Hazardous,3,33343.73
121,16.88,89.24,Highway,Small,1781,10,General,5,5563.01
352,14.08,86.53,Highway,Small,722,9,General,4,7378.93
847,27.4,87.35,Highway,Small,2672,13,General,1,18516.5
956,9.64,93.69,City,Medium,2919,7,General,4,18533.36
1684,16.18,89.73,Mixed,Large,1037,5,Fragile,0,39429.1
574,21.23,90.35,City,Large,1218,10,General,3,19011.51
1182,24.1,86.78,Highway,Small,716,10,Fragile,0,21034.05
610,14.32,88.12,Highway,Medium,1131,6,General,0,11172.88
1805,25.42,87.3,Highway,Medium,166,19,General,1,40408.74
1599,23.3,87.06,Highway,Medium,290,8,Fragile,0,33242.82
799,2.92,91.38,Mixed,Medium,2915,1,General,3,11048.29
1075,2.33,87.57,Highway,Medium,620,17,General,4,11240.37
1906,19.0,91.32,Mixed,Medium,1089,7,General,3,41252.41
289,11.07,85.58,Mixed,Small,1240,14,Fragile,1,6161.59
1057,7.06,86.42,Highway,Large,2414,17,General,3,16393.2
786,17.81,87.75,Mixed,Small,1734,9,Hazardous,2,16281.57
1057,10.91,90.97,City,Medium,2632,17,General,4,20611.82
662,16.58,91.76,City,Medium,1287,5,Hazardous,2,16810.06
1999,14.34,89.43,City,Medium,475,20,General,2,38187.67
1690,17.96,89.46,Highway,Large,752,8,Fragile,5,38438.08
1367,12.61,92.25,Highway,Large,648,6,General,1,24324.31
931,21.23,85.16,Highway,Large,1197,11,Hazardous,0,24032.78
1628,6.22,88.41,Highway,Medium,172,19,General,2,18898.32
1254,21.2,93.19,City,Large,2455,4,General,3,40199.28
1608,12.94,91.03,Highway,Medium,298,18,General,0,25506.4
1942,26.36,88.37,Mixed,Large,1881,1,General,3,63607.68
746,15.94,94.06,Mixed,Medium,671,13,General,3,14653.77
120,29.22,92.73,Highway,Large,890,14,Hazardous,0,5449.12
940,18.46,87.65,Highway,Large,1738,1,Hazardous,0,23469.89
266,7.49,91.45,Mixed,Large,1931,11,General,3,6867.6
1397,24.83,90.96,Mixed,Small,1955,17,Hazardous,1,29084.53
487,11.01,89.01,Mixed,Small,1610,4,General,4,9028.53
700,11.08,88.67,Highway,Large,1274,12,General,5,14362.09
415,1.92,88.44,Highway,Small,278,10,Fragile,4,4912.45
113,16.91,91.17,Highway,Large,2344,6,Fragile,1,6481.42
341,16.5,89.42,Highway,Medium,834,1,Hazardous,5,9082.95
876,11.32,93.32,Mixed,Medium,2236,7,General,0,15118.19
1469,26.93,91.7,Mixed,Large,898,16,Fragile,5,49305.33
664,4.73,85.7,City,Medium,887,14,General,3,9399.47
997,10.57,91.4,Mixed,Medium,2895,20,General,4,18667.93
1463,10.33,87.71,City,Medium,308,20,General,5,23621.91
191,3.68,90.93,Highway,Medium,592,6,Hazardous,3,3766.07
1490,14.95,91.8,Highway,Large,2812,5,Fragile,1,32180.33
1055,20.95,87.31,Mixed,Small,1757,18,Fragile,5,22483.72
1578,15.84,89.57,Highway,Large,831,15,General,3,31962.49
1551,5.55,86.9,Mixed,Large,1229,6,General,1,19915.13
608,11.94,85.52,Mixed,Medium,1705,19,General,0,11770.15
875,1.08,88.78,Highway,Large,2845,1,General,1,10740.09
134,26.18,88.63,City,Medium,693,1,General,1,4394.13
305,3.45,94.95,Mixed,Medium,2999,13,Fragile,4,7843.63
1204,18.32,89.46,City,Large,1315,3,General,3,34002.83
1685,29.6,88.34,Mixed,Small,424,10,General,5,36842.11
1995,16.56,90.8,Mixed,Small,1078,3,General,4,32859.02
1511,27.8,85.89,Highway,Medium,1849,9,General,2,38204.74
1125,7.85,94.62,Highway,Medium,1950,8,General,1,16632.31
1121,23.04,91.35,Mixed,Medium,1590,3,Hazardous,2,29494.28
1513,16.41,92.55,City,Large,993,13,Fragile,4,38700.52
665,21.89,86.7,Highway,Medium,1490,6,Fragile,3,15640.34
1229,2.81,89.09,Highway,Medium,243,13,General,4,11781.98
1895,5.28,89.23,City,Small,483,20,General,3,19988.54
1945,4.86,93.22,Mixed,Medium,2363,20,General,3,25329.6
1600,20.93,85.01,Mixed,Small,2471,12,Hazardous,0,30137.97
802,25.49,88.01,City,Small,316,13,Fragile,1,17340.18
501,22.74,94.81,Highway,Medium,1615,2,General,4,14069.91
829,1.88,89.75,Highway,Small,2330,16,General,3,9079.69
1679,26.15,88.83,Mixed,Small,2417,6,General,4,35500.49
261,11.27,86.2,Highway,Small,1590,19,Fragile,4,5947.78
301,12.52,94.74,Highway,Large,1735,13,Hazardous,3,9330.18
1095,4.04,85.2,Highway,Large,2614,17,General,5,15564.48
369,22.38,92.37,City,Medium,2452,9,General,2,12455.92
1986,6.29,92.69,Mixed,Large,1267,17,General,1,28029.83
915,17.35,87.44,Highway,Large,210,2,General,1,19430.25
1394,25.38,91.72,Highway,Medium,1113,19,General,5,34229.83
555,3.59,85.93,City,Small,331,19,General,0,4762.45
1585,16.52,87.57,Mixed,Large,1814,7,Fragile,5,39344.41
1850,7.76,92.88,Highway,Large,1855,10,Fragile,0,27335.74
1375,10.94,93.65,Highway,Medium,2742,10,General,0,21508.25
1116,14.75,91.08,Highway,Large,1677,20,Fragile,5,24996.33
1825,11.3,90.07,Mixed,Medium,1396,9,General,1,28119.19
395,19.82,86.59,Highway,Large,2320,17,General,2,12656.55
1848,14.91,85.63,Highway,Large,1072,15,General,1,36473.03
819,17.94,86.18,City,Medium,1130,2,General,1,18705.43
1872,22.37,87.27,Mixed,Large,2693,4,General,1,53777.22
437,17.17,88.42,Highway,Medium,2695,19,General,5,11438.04
978,18.01,88.81,Mixed,Medium,617,17,General,5,21239.28
1176,17.37,88.46,Highway,Large,1013,5,Hazardous,5,28245.46
891,11.98,87.39,City,Small,2362,7,General,1,13597.45
316,10.79,90.1,Highway,Medium,2281,18,General,2,6546.3
863,27.09,93.25,Mixed,Small,2432,7,General,0,19482.62
287,18.62,87.8,Highway,Medium,2044,17,Fragile,4,8324.61
479,8.09,94.42,Mixed,Medium,1562,7,General,0,8539.69
592,15.45,93.73,Mixed,Large,1972,4,Fragile,0,15573.01
1164,10.58,86.62,City,Small,2833,8,General,4,18101.18
1280,28.08,92.86,Mixed,Medium,2478,13,General,1,37671.7
114,1.22,90.75,Mixed,Small,1407,4,General,2,3382.47
1936,7.53,90.67,Highway,Large,998,6,General,2,27447.91
164,11.6,88.91,Highway,Large,1198,5,General,0,3866.63
1980,15.15,90.01,Mixed,Large,1289,12,General,4,44194.59
1962,25.67,88.97,Highway,Large,1312,4,General,3,56198.39
620,3.55,90.4,Mixed,Large,2225,9,General,1,8365.36
1467,24.37,91.28,Mixed,Small,787,4,General,0,28709.15
1252,2.61,91.74,Highway,Medium,2168,19,Hazardous,2,14857.05
747,25.43,90.32,City,Medium,665,14,General,5,22393.67
1595,2.5,92.21,Highway,Large,1307,5,Fragile,5,17807.87
1186,1.53,86.41,City,Large,1994,18,Fragile,4,13650.02
1262,21.21,87.12,Highway,Small,926,10,General,4,23053.83
1622,29.92,93.19,Highway,Large,1451,19,General,0,52004.53
692,27.0,88.23,City,Medium,2326,12,General,3,23408.23
491,17.7,85.23,Mixed,Medium,1911,18,Fragile,2,12341.51
1798,27.6,86.54,Mixed,Small,1182,17,Fragile,0,37297.29
518,1.15,87.24,City,Small,1450,11,Fragile,3,7397.28
388,29.28,94.57,Highway,Medium,1744,3,Hazardous,4,14031.97
478,15.23,90.73,City,Medium,2816,17,Fragile,5,13788.01
1896,21.96,94.33,Highway,Small,290,1,General,1,31459.39
1613,24.8,90.75,Mixed,Medium,1323,15,General,5,42058.82
330,21.84,89.79,Mixed,Large,1435,9,Fragile,2,12468.27
1117,16.52,88.14,Mixed,Large,807,15,General,2,25517.74
140,14.82,91.06,Mixed,Large,478,3,General,5,4021.32
1151,25.32,86.39,Highway,Medium,486,19,Fragile,5,27074.76
234,6.95,93.98,Mixed,Medium,2384,13,General,3,5718.49
300,29.07,93.29,Highway,Large,715,12,Hazardous,0,11480.8
1963,21.62,88.18,Mixed,Medium,1642,20,Fragile,4,46854.14
879,6.79,94.53,Highway,Small,2430,1,General,3,12060.96
1029,22.35,93.25,Mixed,Small,2148,17,Hazardous,1,21889.24
1156,16.37,91.66,Mixed,Medium,1854,13,General,5,24329.93
1171,21.51,86.22,Highway,Small,563,1,General,1,18503.6
602,23.27,89.78,Highway,Medium,1066,10,General,1,14384.86
506,3.53,90.06,Mixed,Small,271,15,General,3,6162.11
1697,15.68,87.33,Highway,Small,1246,7,General,4,24707.1
1851,28.03,85.8,Highway,Medium,942,18,General,2,46194.89
904,10.3,92.77,Highway,Medium,1421,16,General,0,14199.65
198,18.22,86.22,Highway,Medium,2008,14,General,2,6934.12
783,11.71,90.94,Mixed,Small,789,18,Fragile,4,12252.72
1995,14.17,94.36,City,Small,2722,7,Fragile,2,34342.16
825,16.91,93.76,Highway,Medium,1607,17,General,5,18755.38
1670,16.92,87.78,Highway,Medium,2312,18,General,5,32286.99
1060,6.85,93.51,Highway,Medium,2124,12,General,3,15233.16
1862,20.85,85.0,Highway,Medium,1822,8,General,1,37603.36
712,3.55,85.18,Highway,Large,482,2,Fragile,4,8483.83
1585,5.03,91.03,Highway,Medium,2356,7,Fragile,4,19815.86
742,1.08,88.65,Highway,Medium,1512,4,General,2,7449.35
1892,4.38,88.86,Mixed,Medium,1683,18,General,3,21888.22
1128,14.72,90.64,Highway,Medium,2371,6,General,2,20728.25
1341,18.58,86.92,City,Medium,2150,9,Fragile,2,32131.17
602,24.03,87.12,City,Medium,471,9,General,4,17282.65
866,4.09,89.85,City,Large,1810,14,Hazardous,2,13283.36
497,25.67,92.54,City,Small,1569,8,Fragile,1,12651.23
970,22.63,91.19,City,Small,710,19,General,2,19536.96
894,12.85,87.97,Mixed,Medium,215,3,General,1,14577.9
492,28.06,89.3,City,Large,546,18,Hazardous,4,20414.16
306,29.74,86.71,City,Small,1491,5,General,3,9287.94
1138,6.95,85.75,Mixed,Large,1440,14,General,5,17722.78
1981,12.0,92.83,City,Medium,514,4,General,1,33484.83
1677,27.87,87.65,Highway,Large,1908,7,Fragile,3,52754.23
991,21.93,86.78,Highway,Large,1147,20,Fragile,3,27126.67
1584,2.39,91.92,Highway,Medium,2810,12,Fragile,1,18085.41
1814,23.66,91.18,Mixed,Small,1973,2,Hazardous,4,36835.69
1698,25.01,91.33,Mixed,Small,1173,11,Hazardous,0,34073.61
963,22.76,87.29,Mixed,Small,817,14,Hazardous,3,19839.29
842,24.19,87.33,City,Large,1458,16,General,3,29172.23
1364,24.93,87.21,Highway,Small,1705,20,General,4,26308.62
663,6.41,86.74,Highway,Medium,2418,6,Fragile,4,11517.55
1120,7.84,91.56,City,Medium,661,4,Fragile,2,17053.45
195,19.38,93.48,City,Large,2951,15,Fragile,4,10769.39
1857,27.33,92.24,Mixed,Small,2394,1,General,3,40665.05
584,10.17,92.92,Highway,Small,486,7,Fragile,1,8079.88
1530,18.06,89.05,City,Small,801,12,Fragile,0,26472.49
330,20.81,91.54,City,Large,2706,10,General,2,12802.72
848,14.11,88.54,City,Medium,1072,5,General,1,16179.37
1778,21.7,90.26,City,Small,1484,12,General,0,33502.68
1294,27.09,89.82,Mixed,Small,1083,18,General,0,26738.1
640,19.1,86.77,Highway,Small,1611,10,General,0,11555.04
1159,16.65,88.87,Mixed,Small,451,6,General,5,18902.75
624,13.72,94.64,City,Large,1824,12,General,1,16545.71
1283,17.75,87.49,Mixed,Large,2051,7,Fragile,2,32994.11
1962,11.31,86.34,Mixed,Medium,1379,18,Fragile,2,30365.29
1822,12.35,89.19,Highway,Large,2007,2,Fragile,0,33967.82
1366,16.42,92.9,Highway,Small,852,10,General,1,20036.36
1209,2.93,90.82,Mixed,Large,2928,15,General,5,16975.48
1919,7.64,91.81,City,Large,1124,12,Hazardous,0,31027.51
677,16.74,86.9,Mixed,Medium,645,17,General,4,14577.28
781,13.51,91.19,Highway,Large,1569,4,Hazardous,2,17107.37
656,10.65,88.24,City,Small,178,7,Fragile,3,9942.47
1697,22.19,93.34,Mixed,Small,1359,9,General,0,31736.1
1112,21.12,91.29,Mixed,Small,2481,19,Hazardous,4,24072.66
745,5.84,86.99,Highway,Medium,988,7,General,2,9417.77
895,26.48,85.65,Mixed,Large,1205,2,General,5,29951.94
1151,15.37,85.43,City,Large,2649,6,Fragile,1,30079.07
1743,22.5,88.71,Highway,Medium,2090,18,General,2,39105.94
1679,17.62,87.66,City,Large,1600,6,Hazardous,1,45120.33
1463,29.93,91.46,City,Large,2912,13,General,1,59007.56
1921,22.82,89.99,Mixed,Small,1020,19,General,5,37051.56
1454,21.5,87.66,Highway,Medium,649,2,General,5,30997.99
1763,23.58,86.49,Highway,Small,2161,12,Fragile,0,31053.11
1629,5.15,86.27,Highway,Medium,491,15,General,0,16903.59
1471,6.93,93.65,Highway,Large,2457,14,General,2,21913.69
1596,21.71,87.43,Highway,Small,2533,6,Fragile,5,29636.25
1354,15.33,91.52,Mixed,Large,1480,18,General,4,31483.12
289,22.88,93.11,Highway,Medium,1073,5,Fragile,2,8129.34
1348,3.98,91.14,Mixed,Medium,439,18,General,3,15424.61
1508,16.56,93.6,Mixed,Medium,2744,3,Fragile,1,30832.65
1500,11.99,88.92,City,Medium,856,3,Fragile,1,26632.08
1406,14.25,94.56,Mixed,Small,1145,10,General,0,21470.16
732,18.51,86.33,Mixed,Small,2438,19,General,4,14615.17
727,15.57,86.02,City,Small,2453,3,Hazardous,5,16510.89
1072,16.66,91.59,Highway,Medium,2781,12,General,5,22371.96
1868,15.1,94.43,Highway,Small,2772,16,Hazardous,0,29036.35
1382,12.86,93.09,City,Large,1038,17,General,3,30325.87
1482,23.38,85.76,Mixed,Medium,947,7,General,2,36098.27
809,1.35,87.79,Highway,Medium,541,13,General,2,6605.58
1579,18.35,94.3,Mixed,Medium,2650,2,Hazardous,4,37774.56
1534,17.4,87.53,City,Medium,229,4,General,0,31637.66
748,21.77,92.81,Highway,Large,696,10,Hazardous,0,20784.37
417,18.37,93.25,Mixed,Small,2058,7,Hazardous,3,11056.91
1800,24.98,89.95,City,Small,1605,17,General,2,38614.7
1348,28.81,88.86,Highway,Large,961,20,General,0,41312.02
1942,10.93,89.5,City,Small,2740,6,Fragile,5,30303.46
1357,7.59,87.27,Highway,Small,1098,19,General,4,15634.46
783,13.28,93.89,City,Medium,2472,5,Fragile,2,17198.27
763,9.35,89.51,Highway,Small,2595,10,General,3,12251.17
1950,18.83,93.82,Highway,Medium,1651,9,General,4,39590.89
1497,27.44,86.06,Mixed,Small,2966,13,Fragile,1,33647.19
1795,5.03,94.88,City,Large,1740,19,General,5,26223.44
1731,3.92,89.43,Highway,Large,1611,6,General,3,19998.24
1595,8.42,85.48,Highway,Medium,1836,4,General,4,22138.56
1356,22.06,85.38,Mixed,Medium,2856,3,General,0,32534.43
1815,18.2,92.46,Highway,Large,1549,3,General,1,41389.63
1236,3.96,91.59,Highway,Small,1957,4,Fragile,3,14787.19
1953,27.64,93.02,Highway,Large,364,5,General,0,58997.96
1620,23.91,86.05,Highway,Large,2759,8,General,5,46275.21
541,1.67,85.36,Mixed,Large,2979,16,Fragile,1,7817.2
663,19.89,90.09,Mixed,Medium,2821,3,General,2,17221.72
1391,23.37,88.88,Highway,Small,1562,12,General,0,24713.04
1633,11.86,89.62,City,Medium,256,8,Hazardous,4,29599.25
1930,3.0,94.92,Highway,Large,1545,13,Fragile,3,22829.76
1509,3.24,94.71,Mixed,Small,2398,4,General,1,16712.95
1510,4.02,94.42,Mixed,Large,1732,14,Fragile,0,18670.82
1236,25.37,92.84,Highway,Small,2677,14,General,2,24753.29
1736,27.41,88.55,Mixed,Small,2474,13,Fragile,3,37369.94
1748,4.56,89.12,Mixed,Small,994,6,General,3,18595.49
1051,7.84,90.5,Highway,Small,2244,17,General,0,12153.23
1204,5.8,93.31,Highway,Medium,612,4,General,2,13747.87
798,6.4,85.69,Highway,Small,315,8,General,5,9072.43
212,25.29,89.24,Mixed,Large,2272,17,General,5,10500.03
101,10.63,85.83,Mixed,Medium,1806,3,Hazardous,1,4479.48
741,10.03,90.15,Mixed,Small,2206,17,General,0,10786.3
319,7.59,93.99,Mixed,Medium,1667,9,General,1,5863.5
1689,18.63,92.82,City,Large,2308,2,General,5,49160.94
954,12.0,87.28,Mixed,Large,2431,13,General,3,19914.11
1859,22.58,94.76,Mixed,Small,2253,20,Fragile,1,35981.18
1348,6.96,91.67,Highway,Large,1228,2,General,2,20059.82
484,23.85,85.1,City,Large,327,20,General,4,17028.41
1526,18.51,87.55,Mixed,Small,2465,11,General,5,28026.77
1761,4.31,87.61,Highway,Small,1587,15,Fragile,5,18994.48
1253,13.02,85.69,Mixed,Medium,901,11,General,2,21277.13
1176,26.04,94.6,Highway,Small,1722,3,General,1,23399.75
1807,27.77,89.78,City,Large,2005,3,General,0,67535.01
829,14.51,93.96,Mixed,Medium,571,12,General,3,16425.33
1795,14.94,88.22,Highway,Large,1179,5,General,4,36437.95
1833,27.64,86.25,Highway,Medium,2772,20,Fragile,0,46795.86
1539,18.02,89.74,Highway,Small,2160,7,Fragile,0,23568.79
346,1.95,86.14,Mixed,Small,1141,7,Fragile,2,5381.86
935,27.47,89.86,Highway,Medium,2841,13,General,1,25059.75
1562,8.2,94.2,Mixed,Large,2260,9,General,5,27591.65
302,17.75,90.21,Highway,Large,328,13,General,5,7971.21
1307,5.8,91.16,Mixed,Small,270,12,Hazardous,2,14425.42
222,1.98,86.57,Mixed,Small,394,13,General,1,2603.53
500,10.03,85.44,Highway,Small,288,10,Fragile,2,6060.83
866,23.63,86.11,City,Medium,525,1,General,5,23752.45
393,9.05,90.99,Highway,Small,1076,8,General,0,4953.17
379,7.38,85.95,City,Medium,1202,16,General,3,6802.16
1960,7.17,88.76,Highway,Medium,2805,13,General,1,25853.09
983,15.94,90.5,Highway,Large,1018,3,Hazardous,4,22825.21
1733,29.29,88.89,Highway,Medium,598,3,Hazardous,4,45934.74
297,14.31,86.64,Highway,Small,1921,5,General,0,6049.27
1081,17.16,87.74,Highway,Medium,2909,11,General,2,21923.1
1634,25.96,94.28,City,Medium,965,7,Hazardous,2,47879.44
851,16.52,91.76,Mixed,Medium,925,10,Fragile,5,19557.06
243,6.35,89.96,Highway,Large,1958,10,General,0,4901.57
708,9.69,85.13,City,Large,2218,20,General,5,15929.27
1324,9.99,94.92,Highway,Small,2395,2,General,5,19490.41
1247,12.52,91.71,Mixed,Small,245,3,General,4,17176.72
286,13.38,88.17,Mixed,Medium,1741,8,General,5,7518.3
1449,24.19,93.79,Mixed,Large,1419,11,General,5,46226.02
563,11.13,87.58,Mixed,Small,2729,13,General,4,9722.39
1472,14.58,90.44,Highway,Medium,569,7,General,2,24590.62
1894,19.12,91.36,Mixed,Medium,292,13,General,1,38989.39
759,11.95,87.21,Mixed,Small,1191,2,Fragile,3,12613.87
863,25.26,94.78,Highway,Medium,2641,6,Fragile,5,24437.3
1054,18.04,92.48,Mixed,Large,151,9,General,1,26337.56
502,9.53,90.58,Highway,Small,2510,20,Hazardous,4,10441.75
1469,21.71,86.81,City,Medium,1920,2,Hazardous,1,38440.72
1634,16.3,85.54,Highway,Medium,2621,18,General,3,30530.84
246,16.5,88.2,Highway,Large,1969,16,General,1,7000.44
1271,14.95,92.53,Mixed,Large,2668,12,Fragile,1,31700.11
963,15.41,87.69,City,Medium,1886,7,Fragile,1,21420.29
1834,23.2,90.4,Highway,Large,1554,7,Hazardous,1,49823.43
1943,3.99,92.28,Highway,Medium,1967,17,Hazardous,0,23482.2
588,10.7,86.08,Mixed,Medium,2838,13,Fragile,5,13025.92
1028,3.19,91.85,Highway,Small,2679,11,General,4,12905.05
1763,22.84,85.92,Highway,Small,2107,6,General,3,31701.72
650,8.9,94.65,Mixed,Small,1534,14,General,4,9547.92
437,27.03,89.88,Mixed,Medium,939,6,General,0,11817.9
971,16.27,86.51,Highway,Small,340,6,Fragile,0,14703.45
740,24.22,88.42,Mixed,Large,635,2,General,0,22246.03
1902,29.39,89.13,Mixed,Small,1507,20,Fragile,5,43282.25
572,25.35,92.58,Mixed,Small,182,15,General,0,10861.82
250,26.14,92.43,City,Medium,1081,17,General,1,8279.37
1538,12.83,91.12,Highway,Large,1050,8,General,4,30140.07
1421,17.0,86.06,Highway,Small,710,5,General,2,20974.86
1734,8.36,86.52,Highway,Medium,673,17,Fragile,3,22600.37
362,6.69,85.94,City,Large,2433,20,Fragile,0,7598.79
1887,15.66,90.77,Highway,Small,1088,1,Hazardous,4,28714.87
243,18.26,93.77,City,Medium,558,18,General,0,6462.67
445,10.84,89.34,Highway,Large,2273,15,General,5,11195.29
723,17.51,86.61,Highway,Small,1622,5,General,0,11121.08
1116,26.74,90.58,Mixed,Medium,2572,7,General,0,31293.44
1695,17.14,93.12,Highway,Medium,2701,18,Hazardous,0,33926.04
980,21.9,92.42,Highway,Medium,2757,6,Fragile,0,23537.97
101,24.35,93.81,Mixed,Small,2084,5,Hazardous,3,5771.5
996,29.67,87.78,Highway,Small,1666,19,General,4,22229.74
1427,18.49,86.94,Mixed,Medium,2259,10,Hazardous,5,33089.21
353,24.4,93.8,Mixed,Small,2549,15,General,0,9346.7
1775,28.92,91.58,Highway,Large,221,10,Hazardous,0,55099.41
552,28.39,88.11,Mixed,Medium,372,16,General,0,14708.96
1160,5.09,92.42,City,Medium,1417,12,General,0,15927.76
1283,12.79,93.15,Highway,Large,497,18,General,1,24385.61
1114,10.4,91.15,Highway,Medium,2618,1,Hazardous,1,19157.81
108,3.52,91.88,Highway,Small,1084,16,General,2,3396.41
1356,19.36,88.75,Mixed,Large,1330,6,General,0,35715.96
1222,22.34,90.39,Highway,Small,1233,3,Hazardous,2,22476.71
1782,25.6,90.24,City,Small,1401,2,General,3,38525.13
915,4.56,93.48,City,Large,2010,2,General,2,14126.37
307,26.42,93.4,City,Medium,2716,13,General,4,12666.47
1254,19.64,93.33,Highway,Medium,1605,9,General,1,25844.0
503,21.41,85.11,Highway,Small,2016,16,Hazardous,1,11609.13
251,27.41,92.5,Mixed,Medium,919,5,Fragile,0,7302.3
153,19.12,92.59,Highway,Small,3000,7,General,0,5360.95
1243,10.74,91.78,Highway,Large,2857,13,Hazardous,3,24144.0
1796,24.93,92.56,Highway,Small,2056,20,General,5,34161.74
727,11.53,93.42,Highway,Large,2468,13,General,3,15153.77
686,1.99,89.7,Mixed,Medium,278,7,General,4,7524.33
1748,25.09,90.02,Highway,Large,996,10,General,0,48332.63
1543,11.01,86.25,Highway,Large,2366,15,General,0,25994.39
1545,23.44,88.85,Highway,Medium,2936,6,Hazardous,3,37985.36
203,11.52,91.43,Mixed,Medium,2072,5,Fragile,3,7316.8
1975,25.97,92.8,City,Small,1651,2,General,3,44204.02
353,7.37,87.17,Highway,Small,591,15,General,1,5294.22
1350,29.26,86.38,Mixed,Large,160,16,Fragile,2,47634.55
1235,23.61,91.63,City,Large,1177,19,Hazardous,2,42111.01
609,4.31,85.02,Mixed,Medium,1803,9,Hazardous,0,9272.36
1596,17.41,86.78,Mixed,Small,2685,19,General,1,26800.98
198,29.58,85.29,Highway,Medium,2995,7,Fragile,3,9791.15
252,14.66,86.67,Highway,Medium,164,4,General,0,4081.95
1984,6.28,86.81,Highway,Medium,685,3,General,1,21844.85
1013,15.06,88.88,Highway,Large,1827,20,General,4,23121.16
977,15.86,89.02,Mixed,Large,2318,11,General,5,25190.3
437,22.51,93.74,Highway,Small,634,1,General,1,7814.13
1829,21.27,90.1,Highway,Medium,2840,6,General,0,39115.77
921,12.67,92.23,Mixed,Medium,2255,11,General,2,17367.2
1286,7.32,86.04,City,Medium,1970,1,Fragile,3,19063.47
1843,19.71,87.25,Highway,Small,2961,7,General,5,31616.59
1056,13.23,92.03,Highway,Small,1104,6,General,4,15853.56
1804,4.84,85.53,Highway,Large,2599,14,General,5,23459.81
260,27.12,89.87,Mixed,Medium,1329,2,Hazardous,5,10544.52
1703,21.05,90.99,Highway,Medium,2737,4,General,1,37690.12
900,20.81,91.02,Highway,Large,1139,11,General,0,21670.32
497,24.85,85.23,City,Large,426,15,General,0,16812.28
1400,16.36,88.22,Highway,Small,707,18,Fragile,5,21677.86
915,24.64,91.36,City,Medium,2806,1,Hazardous,3,28694.03
1627,15.44,86.49,Highway,Medium,101,3,General,0,26613.29
1515,2.95,91.95,Highway,Large,1133,3,General,5,17242.87
1258,12.75,92.46,Mixed,Large,2581,7,Hazardous,0,28466.05
1318,15.43,94.82,City,Medium,224,1,General,3,27418.51
500,21.89,87.1,Highway,Medium,1204,11,Fragile,4,13908.07
739,4.09,93.25,City,Large,2632,6,General,5,12546.69
1156,5.06,90.2,Mixed,Small,2799,20,General,2,15129.68
787,8.65,88.73,Mixed,Small,1961,3,General,2,10695.99
559,8.73,86.22,Highway,Medium,1273,19,General,5,9501.48
1054,22.23,92.36,Mixed,Small,2947,2,Fragile,1,22080.16
569,8.27,87.36,Highway,Small,228,18,Hazardous,4,8788.1
1498,19.36,88.71,Highway,Large,537,12,General,1,34958.17
1145,15.33,85.63,Highway,Large,850,10,Fragile,2,23385.68
849,17.63,93.01,Highway,Medium,2648,5,General,3,19175.06
1793,25.31,92.67,Mixed,Small,1321,9,General,5,36798.52
137,12.73,92.34,Highway,Small,2358,2,General,0,3659.25
329,23.36,87.99,Highway,Small,1001,2,Hazardous,2,8185.18
1488,13.24,86.73,Mixed,Small,2192,6,Fragile,4,22540.43
662,11.26,91.38,Highway,Large,1402,10,Fragile,2,13770.43
537,28.8,89.96,Highway,Small,2682,18,Fragile,4,14405.11
1899,6.35,86.78,Highway,Medium,1533,12,Fragile,4,23634.93
1406,3.62,91.86,Highway,Small,2608,4,Hazardous,5,17632.72
126,23.36,94.91,Highway,Large,490,17,Fragile,4,6324.81
325,2.98,92.47,City,Large,1167,15,Hazardous,1,6837.9
1400,25.28,92.4,Highway,Large,126,6,General,3,40363.78
897,13.68,94.5,Highway,Large,2941,16,General,2,20096.57
1732,27.55,87.03,Mixed,Medium,647,17,General,3,45972.52
383,21.92,90.66,City,Small,2768,3,General,0,9903.42
978,18.7,94.8,Highway,Medium,666,10,General,2,19813.51
1059,28.53,86.65,City,Medium,803,5,General,3,33016.64
1604,12.5,92.0,Highway,Medium,1342,14,Fragile,3,26733.03
552,28.67,90.86,Highway,Small,284,13,General,5,11613.47
1119,4.92,90.86,City,Small,1690,6,General,5,13918.93
1952,15.03,91.98,Highway,Medium,2013,12,General,0,33666.66
915,8.83,94.3,Mixed,Medium,947,8,Hazardous,4,16094.11
758,16.66,92.83,Highway,Large,698,5,General,2,17311.63
1639,5.7,85.56,Mixed,Small,905,15,General,5,18268.4
646,25.4,93.53,Highway,Medium,1457,16,Fragile,2,17386.19
1315,25.55,87.26,Mixed,Small,2226,1,Fragile,0,26331.35
1172,28.7,88.77,City,Small,2726,16,General,5,29177.07
1635,5.49,89.62,Mixed,Medium,1978,5,General,5,21323.75
116,19.08,89.81,Highway,Small,2560,3,General,4,5527.79
1295,14.75,89.35,City,Small,645,20,Hazardous,2,22261.14
1343,10.99,94.37,City,Medium,1732,15,General,2,24022.47
257,11.19,92.06,Mixed,Small,2316,13,General,2,5643.66
576,12.97,91.31,City,Small,2828,16,General,4,12451.42
1169,21.44,85.5,City,Small,2730,11,General,5,25250.28
1496,18.35,94.04,Highway,Small,2662,2,Fragile,0,25196.32
617,14.33,94.09,Highway,Small,2179,6,General,2,10152.63
198,3.2,92.8,Highway,Medium,2434,6,General,3,5226.71
1868,3.26,85.07,Highway,Small,2741,14,General,4,19204.14
1160,1.07,85.57,Mixed,Small,2026,11,General,1,10339.77
379,29.06,87.25,Mixed,Medium,716,8,General,0,11333.08
1472,1.15,86.31,Mixed,Medium,2417,8,Fragile,3,15476.3
596,3.99,88.99,Highway,Large,1303,1,Fragile,2,8572.93
401,10.12,94.23,Mixed,Large,1859,7,Hazardous,1,10121.23
280,24.42,89.72,Mixed,Large,2665,6,Hazardous,0,12638.34
706,28.9,85.13,City,Medium,2730,8,Fragile,4,25336.56
1222,23.91,87.83,City,Medium,325,19,General,1,31650.19
799,21.03,85.45,Highway,Medium,769,20,Fragile,5,18213.92
1092,16.12,85.36,Mixed,Small,1863,8,Fragile,1,18495.87
1239,3.51,87.76,City,Small,1016,14,Fragile,3,12360.03
290,28.79,87.76,Highway,Small,2273,18,General,0,7182.91
352,22.99,92.87,Highway,Large,2221,16,General,3,12551.27
1080,19.53,94.75,Mixed,Medium,1314,9,Fragile,3,26058.59
1027,23.01,88.71,Mixed,Large,1805,15,Fragile,2,32444.71
1284,22.0,89.29,Mixed,Medium,1942,10,Hazardous,4,33451.64
1379,19.48,93.45,City,Medium,2083,16,General,1,33710.35
1446,29.44,87.68,Highway,Small,155,4,General,0,26811.47
227,27.2,86.56,Highway,Small,819,20,General,5,6262.38
117,19.75,93.53,Highway,Large,2700,13,Fragile,4,6127.41
1916,21.1,85.47,Highway,Medium,2179,5,General,4,41386.73
1858,2.5,91.2,Highway,Medium,673,7,General,0,16607.41
665,20.43,90.62,Highway,Large,766,9,Hazardous,4,18589.07
669,2.28,88.46,Highway,Small,383,8,General,2,6856.82
1446,18.06,88.15,Mixed,Large,1844,16,Fragile,4,36959.46
1995,29.98,92.72,Highway,Medium,2334,6,General,2,53023.47
785,17.12,85.86,Mixed,Medium,597,16,Fragile,1,16196.04
1915,14.72,87.37,City,Medium,1565,6,General,1,37497.54
725,10.07,92.32,Highway,Small,229,14,Hazardous,3,10568.01
1411,4.5,90.48,Highway,Small,738,1,Hazardous,2,15271.64
953,22.2,86.28,Highway,Medium,2261,9,General,5,23667.14
1786,6.59,93.82,Highway,Large,2160,13,General,1,25598.95
1061,4.34,88.93,City,Large,2591,19,General,4,16378.89
1762,13.23,93.28,Highway,Small,2594,17,Fragile,0,25955.08
254,24.06,92.88,Highway,Medium,1085,11,Hazardous,0,7688.77
589,22.61,91.24,Highway,Small,1092,8,General,2,12404.73
1509,2.59,89.94,Mixed,Small,2862,5,Fragile,5,16363.61
884,14.2,94.8,Mixed,Medium,2221,10,General,3,19215.65
1227,16.15,86.45,Mixed,Medium,2684,7,Fragile,4,26994.06
1516,19.69,92.25,Highway,Small,200,10,Hazardous,2,25252.24
1934,19.85,86.91,Mixed,Small,2323,4,General,0,33469.08
345,11.58,88.38,Mixed,Large,526,9,General,2,7163.0
1299,17.26,88.09,City,Small,140,14,General,4,22704.82
1162,14.95,94.47,Mixed,Medium,528,2,General,5,22776.61
1600,26.66,94.67,Highway,Medium,443,9,General,5,39290.42
1805,16.38,86.83,Mixed,Small,465,1,General,1,27354.56
858,13.79,85.22,Mixed,Small,708,10,General,4,13992.52
637,12.73,92.2,Highway,Medium,2804,10,General,1,11704.33
1990,17.6,89.18,Highway,Large,827,20,General,1,44522.2
1941,24.32,85.89,Mixed,Medium,2376,3,General,1,48066.17
1020,16.61,91.84,Highway,Medium,924,6,General,2,18703.31
507,20.19,90.45,City,Large,1475,6,Fragile,0,15666.99
624,22.4,94.81,Mixed,Large,988,2,Fragile,5,20580.73
927,16.08,87.27,City,Medium,2143,18,General,2,20201.89
1629,13.38,89.04,Highway,Medium,1441,2,General,0,25543.17
1002,26.42,90.43,City,Medium,2983,12,Fragile,5,32536.41
1948,13.11,92.92,Highway,Medium,1396,5,Hazardous,4,33668.85
135,14.4,90.49,City,Medium,216,20,General,5,4327.04
784,29.72,91.13,Highway,Medium,2965,7,General,5,24781.56
119,1.01,87.26,City,Small,2515,16,General,5,5517.29
420,6.38,93.47,City,Medium,1217,20,General,3,7859.99
1899,12.13,89.29,Mixed,Small,267,1,General,4,25497.17
611,28.05,86.41,City,Small,1838,1,General,2,14653.18
499,3.03,91.64,City,Small,1464,17,Fragile,2,6076.84
753,1.28,87.16,City,Medium,2808,1,General,0,9319.18
1071,2.53,85.98,Highway,Medium,794,20,General,2,10808.42
570,3.57,93.62,City,Small,1024,13,General,1,6342.87
1266,2.09,89.6,Highway,Medium,251,9,General,5,11692.88
1215,14.91,92.49,Mixed,Medium,685,15,General,2,22251.25
1477,17.84,87.91,Highway,Small,1012,3,General,0,22026.66
933,8.88,92.87,Highway,Medium,2421,14,Hazardous,0,15612.12
1923,12.55,86.12,City,Large,1677,11,General,1,40845.96
826,3.66,88.56,Highway,Large,595,12,Fragile,0,9140.4
953,10.75,94.78,Highway,Medium,2248,13,Hazardous,3,17598.86
150,16.15,92.94,City,Medium,656,13,General,5,5723.49
1788,22.24,89.97,City,Small,1205,1,General,5,35189.62
1821,1.1,88.4,Mixed,Small,1652,10,General,5,17110.26
674,14.55,93.72,Highway,Small,2220,3,Hazardous,4,13428.95
1313,9.61,90.45,City,Large,256,4,Hazardous,2,25035.9
1248,25.73,92.58,Highway,Small,834,16,Fragile,3,24577.91
249,21.75,92.54,City,Small,2279,8,General,2,7190.43
413,18.08,85.18,City,Large,1527,16,Fragile,3,13253.4
669,9.04,86.26,City,Large,658,17,General,2,11013.32
1465,27.4,91.6,Highway,Large,2254,19,General,1,45777.32
404,2.31,86.62,Highway,Small,2412,15,General,0,5704.74
1815,4.17,87.55,Highway,Small,254,16,General,0,16692.94
781,12.36,94.47,Highway,Medium,1096,15,Fragile,1,13390.68
937,4.61,90.6,Highway,Small,2394,2,General,3,12270.37
1906,28.74,92.51,City,Small,630,11,General,4,43885.75
1177,24.14,90.58,Highway,Medium,2071,1,General,3,27195.29
1102,8.51,90.53,Mixed,Large,2685,15,Hazardous,0,20446.65
543,18.07,85.94,Highway,Medium,828,19,Fragile,4,11865.1
712,29.49,88.44,Mixed,Medium,1277,4,General,2,20876.98
1092,26.64,87.82,City,Medium,253,11,General,4,32264.89
363,18.42,88.91,Highway,Small,191,5,General,3,6951.65
1176,27.21,92.98,Highway,Medium,2485,3,Hazardous,1,31984.65
1695,29.69,88.72,City,Small,1603,13,General,2,40310.94
1103,22.56,89.52,Highway,Small,1816,10,General,3,20600.07
1743,2.88,88.97,Mixed,Large,2597,11,General,2,19894.77
104,12.65,85.93,City,Small,2116,18,General,4,4996.35
1226,25.3,89.41,Mixed,Large,2957,2,Fragile,0,39993.02
1319,7.69,86.96,Highway,Small,886,7,General,3,14482.72
873,25.09,86.87,Mixed,Medium,372,9,General,1,21456.83
976,4.49,85.94,City,Medium,2127,10,General,4,13726.02
1091,2.36,88.57,Mixed,Small,2735,18,General,3,12398.53
983,12.14,92.57,Highway,Small,276,7,Hazardous,1,14509.35
1473,2.07,87.76,City,Medium,2978,7,General,3,16999.6
146,28.76,88.12,Highway,Large,742,3,Hazardous,4,7129.86
966,24.96,91.43,Mixed,Large,1998,12,Fragile,3,32962.89
922,24.22,86.96,Highway,Medium,666,7,General,2,20874.57
1035,19.26,93.97,Mixed,Large,765,17,General,4,28321.68
1943,7.27,90.2,Highway,Medium,1431,1,General,3,25252.94
755,16.03,89.48,Mixed,Large,1898,5,Fragile,0,19494.39
368,18.32,90.58,Mixed,Medium,1169,16,General,3,9488.5
469,16.23,86.66,Mixed,Medium,2449,15,General,2,12352.74
735,8.55,91.13,City,Large,507,2,General,1,12921.72
1229,15.94,88.63,Highway,Medium,1312,9,Fragile,1,22647.78
1793,15.24,93.97,Mixed,Large,2969,7,General,1,41736.09
1782,29.89,86.69,Highway,Medium,1953,4,General,0,45954.26
756,27.03,90.07,City,Small,1252,20,General,2,18135.41
219,14.44,90.98,City,Small,2708,18,General,4,7196.78
930,19.07,85.33,Mixed,Medium,1241,4,Fragile,1,20757.18
1910,22.69,88.64,Highway,Medium,2611,13,General,2,42998.3
1727,2.01,92.33,City,Large,243,1,Fragile,3,18137.73
1181,26.95,93.2,Mixed,Small,2589,3,Fragile,0,27542.04
1469,25.94,88.13,Highway,Large,586,16,General,2,41763.74
840,14.27,92.99,Mixed,Large,959,4,Fragile,2,19551.93
1597,12.34,94.68,Highway,Small,2035,16,General,4,23100.26
216,8.92,93.57,Highway,Large,247,19,General,2,2774.53
1953,14.82,86.18,Highway,Large,1459,1,Fragile,4,39681.79
890,2.29,92.4,Highway,Large,1457,5,General,0,9198.11
1250,25.71,88.2,Mixed,Large,2958,19,Fragile,0,41811.09
1516,2.03,94.88,Highway,Large,2813,11,General,3,17668.83
1112,10.54,89.85,Highway,Medium,189,13,Hazardous,4,17807.02
1764,28.02,86.22,Highway,Medium,1457,20,General,4,44215.64
1181,22.32,92.25,City,Large,298,5,General,1,36525.55
733,9.16,88.23,City,Medium,637,4,General,1,11698.29
612,8.33,94.97,Highway,Medium,400,4,Fragile,3,9103.98
1874,1.15,94.8,Highway,Small,823,4,Fragile,0,15478.23
901,21.18,91.56,Mixed,Large,1698,4,General,5,27432.69
1219,2.41,86.3,Highway,Small,1559,20,Hazardous,1,13185.52
1761,16.45,91.87,Highway,Large,167,18,General,2,37229.0
1241,28.9,85.93,Highway,Medium,2606,18,General,0,32743.81
659,4.17,85.29,Mixed,Small,1637,16,Hazardous,5,10722.91
1724,26.94,93.23,Highway,Medium,497,9,Hazardous,2,43563.03
587,29.75,87.1,City,Small,719,18,Fragile,4,15424.65
1360,2.78,88.79,Highway,Medium,1684,2,Hazardous,0,14936.59
996,26.6,94.73,Mixed,Large,1263,4,General,3,34230.43
1395,15.97,88.37,Highway,Large,829,12,Hazardous,4,30870.24
1312,27.29,87.96,Mixed,Small,655,7,General,4,28124.47
803,17.57,94.18,Highway,Small,2052,15,General,2,14269.54
1570,20.2,86.11,Highway,Large,2928,7,General,4,40064.48
680,16.77,92.6,Mixed,Large,1851,17,General,1,16383.98
889,26.07,94.88,Highway,Medium,2757,16,General,0,23011.45
960,22.28,94.01,Mixed,Medium,2895,19,General,1,24515.53
346,16.12,91.52,Mixed,Medium,2429,9,General,2,9390.56
1199,26.18,88.14,Mixed,Large,2808,14,General,5,41014.18
253,8.11,87.54,Highway,Medium,1095,17,General,2,5002.25
1779,5.56,93.19,Mixed,Small,2059,5,General,0,20425.99
1558,5.65,93.8,Highway,Small,1701,2,General,4,18097.73
1096,10.69,90.25,Mixed,Large,2893,20,Fragile,3,22493.05
1209,7.92,87.44,City,Small,1580,16,Hazardous,2,16959.54
796,27.97,86.13,Mixed,Medium,2234,14,Fragile,0,24527.74
1408,4.07,85.87,Highway,Medium,1202,14,General,3,16003.97
1343,21.27,92.19,City,Small,2938,1,Fragile,4,28693.97
1192,6.49,89.2,Highway,Small,2451,3,General,5,14829.95
1170,26.57,94.05,Mixed,Large,1503,7,General,2,38656.26
1108,28.88,92.4,Highway,Large,2277,15,General,5,36998.08
193,14.5,86.91,City,Large,2743,19,Fragile,0,7621.13
1873,26.49,91.14,Mixed,Large,1399,20,General,5,61923.58
1057,1.15,89.36,City,Medium,1822,2,General,5,11407.08
1111,24.78,90.77,Highway,Large,2705,19,General,0,33316.66
552,7.63,92.38,City,Medium,998,9,Hazardous,0,9827.72
1327,27.35,93.06,Highway,Medium,1306,19,Fragile,2,33208.97
1011,1.03,93.44,Highway,Large,1635,5,General,5,12016.35
317,17.13,87.54,Highway,Small,177,18,General,3,5722.12
573,22.94,85.31,Highway,Medium,2931,16,General,0,14992.51
531,8.5,92.39,Highway,Medium,2821,4,Fragile,4,10868.59
440,6.6,86.06,Mixed,Small,1632,12,General,5,7403.5
650,3.44,88.15,Highway,Small,337,7,Hazardous,0,6028.84
1735,10.47,85.04,Highway,Large,1257,14,General,3,28926.41
1412,17.24,91.82,Mixed,Large,2096,12,Fragile,2,35463.97
1377,4.36,86.67,Highway,Medium,1315,3,General,5,15529.48
1857,11.92,91.55,City,Small,377,5,General,0,25046.03
456,1.26,94.92,Mixed,Small,623,17,General,0,5250.18
122,24.74,85.73,Mixed,Large,279,10,General,4,4758.19
1885,4.73,85.77,Mixed,Medium,222,10,General,4,20979.32
621,9.22,88.4,Mixed,Medium,1369,11,Fragile,5,11699.39
1881,1.53,93.66,Mixed,Medium,1857,17,General,0,17522.17
1960,13.53,87.16,Highway,Medium,1194,5,Fragile,5,32266.77
1223,25.36,88.6,Mixed,Medium,579,13,Fragile,0,30833.74
901,12.37,85.69,Highway,Large,1897,10,General,4,18152.6
1303,6.21,92.63,Mixed,Medium,2231,9,Fragile,3,19170.84
1346,22.86,89.08,Highway,Medium,2712,17,Fragile,1,31330.37
861,23.88,92.59,City,Medium,2766,1,General,1,25226.72
1782,6.04,94.04,Highway,Large,2504,4,Fragile,0,24580.39
541,23.35,87.33,Mixed,Medium,915,4,General,4,14013.94
1731,28.47,93.07,Highway,Small,2794,18,General,2,35356.12
868,5.82,85.59,Mixed,Medium,542,9,Fragile,2,11565.1
1115,23.36,93.99,Mixed,Small,2670,18,General,1,23070.83
1448,21.55,91.51,Highway,Large,242,14,General,3,36485.9
615,14.73,93.74,Mixed,Medium,291,15,General,1,11120.38
1139,2.68,85.0,Mixed,Large,1510,6,Fragile,0,12405.09
891,3.17,86.69,City,Small,477,10,Hazardous,3,10410.52
435,25.72,88.9,Highway,Large,2728,15,General,2,15128.84
1882,29.71,88.8,Highway,Medium,634,4,Fragile,4,49342.63
357,20.61,87.27,Highway,Large,1816,18,Hazardous,4,13303.75
596,13.93,88.82,Highway,Medium,1132,18,General,0,9938.47
995,19.78,86.29,Mixed,Medium,1510,17,General,1,22038.91
259,18.24,89.13,Highway,Large,2240,12,Fragile,0,8686.63
1598,12.12,93.02,Mixed,Small,2089,7,Fragile,4,25338.49
951,2.9,89.79,Highway,Small,2676,16,Hazardous,2,11789.23
1787,24.82,85.18,City,Medium,1277,11,General,4,48399.54
789,11.78,89.21,Mixed,Medium,504,14,General,3,13447.78
1798,24.74,85.27,Mixed,Small,2987,3,General,5,37162.26
479,8.32,94.66,Highway,Small,1272,19,General,4,8043.57
1668,1.03,86.27,Highway,Small,988,18,General,4,14660.86
1056,5.61,92.08,Highway,Large,521,10,Fragile,5,15022.26
790,14.59,94.73,Highway,Medium,1741,6,General,3,16068.2
1550,28.38,93.26,Highway,Large,571,13,Fragile,1,47785.93
1736,3.96,91.99,Highway,Large,646,10,General,4,20227.01
1391,25.77,93.39,Highway,Medium,730,18,General,0,32022.23
1958,16.28,94.82,Mixed,Small,1137,20,General,4,31831.61
1700,24.95,91.21,Highway,Small,2925,16,General,0,31564.99
1540,9.65,90.59,Highway,Small,1929,6,General,3,19376.17
1291,25.36,91.28,Highway,Large,463,13,Hazardous,4,39336.93
1965,23.41,90.33,Mixed,Medium,2266,4,Fragile,3,48694.06
1166,7.67,91.35,Mixed,Small,645,14,General,3,14071.68
1679,4.81,89.5,City,Medium,2669,1,General,1,21703.52
384,26.17,87.18,Mixed,Medium,733,20,Hazardous,4,13855.85
496,28.93,86.2,Highway,Medium,2036,5,General,0,14154.52
111,1.91,85.68,City,Small,1780,8,General,0,2768.19
1730,22.21,87.63,Highway,Large,1062,12,General,4,45148.47
1425,27.38,85.46,Highway,Medium,982,2,Hazardous,5,37362.96
1376,25.86,90.67,Mixed,Small,2927,12,General,1,29792.15
598,28.97,87.84,Mixed,Large,970,5,General,1,21122.86
853,23.04,93.25,Highway,Small,615,5,Hazardous,1,16897.38
134,13.83,85.74,City,Large,1520,13,General,0,4135.39
826,10.05,87.26,City,Large,965,9,General,3,15465.24
948,10.3,92.3,Highway,Large,2253,10,General,5,17766.89
189,22.01,90.99,Highway,Large,1208,1,Hazardous,1,7311.15
875,22.63,85.64,Highway,Medium,313,3,General,0,18240.07
704,6.81,93.77,Highway,Large,2997,18,Hazardous,0,13791.33
1069,26.18,93.77,Highway,Medium,2344,12,Fragile,3,28875.47
1725,21.73,88.3,Highway,Large,118,3,General,4,43530.73
1121,17.32,88.4,Highway,Large,741,9,Hazardous,4,27107.04
517,14.67,94.89,Mixed,Large,1204,2,General,1,12412.66
214,16.75,91.26,City,Large,429,3,General,1,5374.01
716,5.62,90.31,Mixed,Medium,965,14,General,5,9660.24
1319,6.91,93.38,Highway,Large,873,4,General,3,19557.23
925,3.64,87.85,Mixed,Medium,491,19,General,1,8492.52
1624,5.46,89.29,Mixed,Large,736,13,General,3,21293.86
1749,14.16,87.68,City,Medium,2454,7,General,0,35530.44
1616,16.38,92.89,Highway,Medium,2799,12,Fragile,1,31719.48
1198,1.52,90.73,Mixed,Medium,2988,3,General,0,12835.75
512,24.11,91.59,Highway,Medium,1125,9,Hazardous,2,13240.89
1499,9.53,87.52,Highway,Large,2667,2,General,3,26299.46
1543,27.44,87.2,City,Medium,1774,9,General,2,46770.02
828,29.06,89.88,City,Medium,2783,12,General,1,28147.16
1400,6.38,92.38,Highway,Medium,839,12,General,0,16544.48
1120,14.4,90.25,Mixed,Large,1645,15,General,1,25155.17
860,1.04,85.33,City,Medium,568,2,Fragile,2,8162.03
775,18.35,93.69,Highway,Small,2359,18,Hazardous,1,14869.65
1517,18.61,85.65,Mixed,Small,1235,13,Hazardous,5,27794.08
1992,8.18,94.56,Highway,Small,1131,14,General,4,23892.58
556,17.19,85.25,Mixed,Medium,2951,5,Hazardous,2,15398.66
1019,7.54,91.94,City,Small,2624,10,General,1,14353.68
291,5.66,85.82,Highway,Small,973,12,General,0,3860.62
838,19.89,94.11,Mixed,Large,559,10,Hazardous,1,23695.28
1812,10.45,89.64,City,Large,2400,11,Fragile,0,35540.76
1222,18.12,86.38,Mixed,Medium,1649,2,General,4,26586.93
1671,13.56,88.41,Mixed,Large,851,5,General,1,35296.14
1077,29.55,86.65,Mixed,Small,1561,7,General,4,25267.63
1108,5.34,86.71,City,Medium,1877,6,Fragile,2,16571.04
195,14.47,94.48,Mixed,Medium,953,3,General,0,4369.78
1787,20.73,89.45,City,Medium,2383,13,Hazardous,5,46610.96
762,12.47,92.89,Highway,Medium,1429,3,General,2,12855.76
1313,29.27,91.4,Mixed,Medium,577,6,General,0,37497.01
1859,21.93,91.76,Highway,Medium,2826,11,General,4,41680.68
136,20.05,86.32,Mixed,Large,2363,17,General,3,7615.6
1903,22.95,87.34,Mixed,Small,234,10,General,1,33412.52
1492,28.63,92.87,Mixed,Small,1252,12,Fragile,4,34129.63
1818,27.33,94.71,City,Small,509,17,Hazardous,0,40524.81
1648,22.0,87.63,Mixed,Small,1545,4,Hazardous,0,30754.92
378,22.73,87.72,Highway,Medium,1417,2,Fragile,0,9735.86
316,5.23,89.73,Mixed,Small,1369,11,Hazardous,0,5298.86
966,3.98,94.84,Highway,Large,1679,7,General,1,12299.32
972,17.56,87.69,Highway,Small,185,2,Fragile,2,14848.83
1921,1.53,89.07,Highway,Small,2703,18,General,5,19470.4
1396,14.99,93.91,City,Medium,1965,4,General,3,28631.8
161,7.1,85.03,City,Small,1569,8,General,1,3277.14
695,11.03,85.4,Mixed,Medium,477,20,General,0,11141.99
828,23.5,91.04,Highway,Medium,1780,14,General,1,20066.53
1465,28.3,94.07,Highway,Small,1174,12,Hazardous,4,31818.45
496,3.1,87.39,Highway,Small,341,18,General,5,6303.07
798,16.49,89.7,Highway,Medium,1019,11,General,0,14099.1
1142,26.59,89.5,City,Small,1686,8,General,3,26883.37
276,3.39,89.73,Highway,Small,2413,2,General,0,4818.59
1735,24.91,91.23,Highway,Small,2859,15,General,5,35443.29
495,11.38,89.7,Highway,Small,1371,9,General,3,8477.44
544,10.34,89.47,Highway,Medium,169,19,General,5,9199.39
1356,29.35,89.74,Highway,Medium,2204,20,General,3,37052.87
175,6.82,90.91,Highway,Medium,1505,8,Fragile,2,4828.26
364,21.1,90.37,Mixed,Small,2186,19,Fragile,2,9671.46
554,24.82,93.54,Mixed,Small,2107,5,General,1,12744.67
1919,2.19,85.49,City,Large,900,11,General,1,18962.88
817,20.44,93.33,Mixed,Medium,1141,15,General,3,20137.92
834,28.59,93.44,Highway,Large,2879,8,Fragile,0,29218.73
1507,4.6,87.85,City,Medium,924,19,General,4,18591.87
1687,26.99,89.63,Mixed,Medium,855,8,General,4,46322.67
950,18.25,89.39,Highway,Medium,2499,19,Fragile,0,20756.59
1629,18.88,87.19,Mixed,Medium,2095,18,General,0,34993.17
1490,18.78,88.97,Highway,Medium,1939,10,General,2,29361.71
243,9.67,85.44,Highway,Medium,1421,7,General,4,5120.21
984,28.12,87.78,Highway,Small,2430,9,Hazardous,3,22384.01
1192,28.47,93.17,Mixed,Medium,1709,1,Hazardous,5,36733.07
1222,19.13,87.85,City,Large,209,19,Fragile,1,34608.15
495,23.72,93.18,Mixed,Large,1116,5,General,5,15718.16
1148,18.76,90.32,Highway,Medium,2061,19,General,2,23361.27
1047,15.05,93.8,Highway,Medium,2691,1,Hazardous,4,22304.99
990,20.16,90.75,Highway,Small,1869,15,Hazardous,0,17741.33
1592,17.04,85.3,Highway,Medium,124,16,General,4,28065.36
1607,18.33,91.75,Mixed,Medium,942,7,Fragile,3,34212.65
1688,23.73,85.45,Highway,Large,2938,12,General,2,46649.25
1274,14.95,89.51,Mixed,Medium,837,8,General,0,22715.59
1267,2.18,94.29,Mixed,Medium,2204,5,Fragile,5,16348.67
668,5.76,86.65,Highway,Medium,279,10,General,3,8425.34
1162,13.72,88.9,City,Large,331,5,Hazardous,5,28257.46
208,22.02,92.3,Highway,Medium,2017,17,General,1,6583.91
1816,18.21,93.82,Highway,Medium,442,5,General,2,35019.34
1165,19.86,91.71,Highway,Large,576,15,Hazardous,3,30156.79
1309,14.9,87.58,City,Small,1922,13,Hazardous,3,23634.78
1034,18.86,91.75,Highway,Large,2723,1,General,5,27086.47
497,10.54,87.97,City,Small,554,11,General,0,6554.63
1346,14.64,92.18,City,Large,1355,1,Fragile,1,33103.67
733,22.58,94.54,Highway,Medium,388,11,General,5,17104.14
1256,26.28,92.21,City,Medium,1336,18,Hazardous,3,37802.99
1286,13.58,93.63,Mixed,Large,2405,18,Hazardous,2,29636.41
1338,2.27,85.02,Highway,Small,629,16,General,3,12624.15
832,5.69,92.18,Highway,Small,2834,13,General,4,11795.61
334,1.6,93.3,Mixed,Medium,2376,7,General,2,6001.54
1966,19.94,85.41,Highway,Medium,695,1,Hazardous,2,39141.66
757,10.64,93.72,City,Medium,534,16,General,3,13773.89
850,16.73,87.57,Highway,Small,981,1,General,0,12892.36
687,15.31,91.65,Highway,Small,1881,17,General,2,10979.68
1132,3.36,93.0,Highway,Small,501,6,General,4,11778.5
1197,12.69,91.63,Highway,Small,2769,2,General,5,18278.17
1053,7.4,85.92,City,Medium,2235,17,General,0,15273.78
591,13.13,90.96,Highway,Large,2731,6,Hazardous,0,14433.74
1012,6.9,90.5,Mixed,Large,1665,14,Hazardous,0,17539.49
1376,25.37,94.0,Mixed,Large,408,18,Fragile,2,44130.87
1353,6.05,89.04,City,Small,442,6,General,0,13952.68
1642,28.86,88.21,Mixed,Medium,535,10,General,3,45561.46
1297,13.06,92.5,Highway,Small,276,18,Fragile,0,17611.43
1776,25.54,89.13,Highway,Small,238,9,General,4,31868.45
1291,19.23,91.46,Mixed,Medium,293,8,Hazardous,1,28917.37
269,22.33,91.46,Highway,Small,1284,10,Fragile,4,7093.4
1516,23.26,93.88,City,Small,1042,17,General,2,30906.43
1045,15.64,90.99,Highway,Large,624,6,Hazardous,0,22260.3
894,16.76,90.02,City,Medium,1724,14,Hazardous,0,20241.17
733,15.91,86.39,Mixed,Medium,2357,6,General,3,15283.42
1317,18.05,86.16,Mixed,Small,840,7,General,5,22311.6
1640,1.85,86.54,Mixed,Small,961,12,General,0,13677.04
128,12.47,86.72,Mixed,Large,1053,3,General,4,4737.71
1288,18.58,91.38,City,Small,1402,14,General,2,23818.2
1545,18.33,92.41,City,Medium,1374,19,General,1,36349.99
438,24.0,90.3,Highway,Small,1843,16,Hazardous,0,10496.12
1771,20.0,93.29,Highway,Medium,2980,7,General,1,37061.1
1619,29.77,94.91,Highway,Small,2287,8,General,0,33298.84
1488,9.23,93.2,Mixed,Large,891,18,Fragile,2,25721.18
1956,11.42,91.95,Highway,Large,645,13,General,5,34185.64
1465,12.13,90.32,City,Large,1944,9,Hazardous,4,32796.53
599,14.51,89.49,City,Small,1116,10,General,2,10494.51
1780,25.24,85.84,City,Large,2027,9,General,1,61252.79
610,7.84,88.99,Mixed,Medium,1653,15,General,0,10093.41
1450,23.5,94.1,Highway,Medium,156,20,Fragile,1,31858.56
316,12.75,93.08,City,Medium,2259,2,General,4,8745.82
1424,18.45,87.16,Mixed,Small,104,13,Fragile,2,24015.06
1255,19.34,89.67,Highway,Small,1537,2,General,1,20712.84
1927,11.81,93.17,Highway,Large,1462,19,General,1,33870.41
1193,15.87,85.67,City,Small,1920,2,General,4,20784.09
1375,12.98,88.87,Mixed,Medium,1382,3,Hazardous,0,24065.4
1538,3.0,93.52,Highway,Medium,2237,6,Hazardous,1,18050.74
1910,13.68,89.04,Mixed,Large,2763,3,General,4,42122.39
544,3.82,85.78,Mixed,Large,2845,10,General,0,9305.43
975,12.75,90.43,Highway,Large,1373,6,General,5,19128.4
1305,18.19,93.62,Mixed,Small,1231,16,General,0,22358.94
266,17.8,90.9,Mixed,Small,767,17,General,5,6461.52
190,20.22,87.26,Mixed,Medium,2741,19,Hazardous,2,8387.23
813,3.76,88.84,Mixed,Small,2736,3,Hazardous,4,12111.65
1981,19.91,89.5,Highway,Small,2632,18,General,0,31632.18
1654,10.05,90.79,Highway,Medium,1381,7,General,5,25186.95
138,12.57,92.59,Highway,Medium,2786,9,Hazardous,5,6889.56
1249,25.88,85.99,Highway,Large,1096,20,Fragile,2,36273.32
1574,1.26,93.9,Highway,Small,2026,12,General,3,15752.18
272,18.06,85.12,Mixed,Small,381,5,General,4,4784.56
752,18.36,88.7,Mixed,Small,1327,3,General,3,13253.89
853,12.5,85.27,City,Large,2163,11,General,0,19680.16
1343,7.87,88.93,Mixed,Large,1035,4,General,4,21574.53
1761,7.81,90.26,Mixed,Large,353,5,General,2,25990.87
1181,26.63,90.12,Highway,Large,1311,1,Fragile,0,35548.56
1783,13.82,86.66,Highway,Medium,428,18,General,4,29108.56
575,10.6,91.46,City,Medium,2691,12,General,4,13414.64
555,14.01,85.45,Mixed,Medium,2930,13,General,3,12432.89
928,20.41,92.62,Highway,Medium,1520,9,Fragile,0,19747.98
994,5.23,94.47,City,Medium,1640,2,Hazardous,2,15311.35
1484,14.03,88.4,Highway,Medium,2992,5,General,2,26899.37
1124,18.05,90.17,Mixed,Large,1292,13,General,0,27393.25
486,28.51,88.79,Mixed,Large,1816,16,Hazardous,0,18721.89
447,8.32,85.07,Mixed,Large,2513,16,General,5,10379.75
289,11.42,88.86,Mixed,Large,1301,3,General,1,6703.58
604,12.0,92.92,Mixed,Medium,754,4,General,3,11170.98
1314,18.56,90.96,Mixed,Small,1485,11,General,0,21585.46
1631,11.35,86.01,Mixed,Small,859,14,General,0,20617.95
1492,16.47,93.47,Mixed,Medium,2786,3,Hazardous,1,32039.43
1532,23.67,90.31,City,Large,1898,16,Fragile,1,50896.17
923,21.46,93.42,Highway,Small,1163,15,General,4,17178.67
1028,13.94,90.8,Highway,Large,515,10,Hazardous,2,21190.15
1033,26.06,90.6,City,Small,354,9,General,3,23140.42
1240,17.19,86.05,Highway,Small,1266,11,General,4,19097.92
233,16.66,86.67,Highway,Medium,1976,16,General,0,6038.18
157,1.99,94.72,Mixed,Small,2857,10,Fragile,1,4206.06
1679,29.61,87.28,Mixed,Small,2724,17,General,5,38679.01
784,4.57,94.77,Mixed,Medium,999,19,General,2,10247.0
771,7.7,90.32,Highway,Large,2158,2,Fragile,4,14452.31
272,2.5,86.36,Highway,Medium,125,2,Fragile,5,4689.61
1952,19.56,85.99,Highway,Medium,520,6,Fragile,2,38359.06
914,7.52,87.09,Highway,Medium,1344,19,General,5,13113.09
1272,6.22,94.26,Highway,Small,1976,8,General,1,15280.5
179,3.57,89.14,Highway,Large,2643,3,General,4,6565.08
985,4.0,88.95,Mixed,Small,1360,14,General,4,11148.09
1336,17.96,88.13,Mixed,Large,2384,16,Hazardous,2,36368.43
302,20.96,86.47,Highway,Medium,1108,1,General,5,8933.3
863,12.52,89.88,Highway,Large,318,3,General,1,15333.96
1352,14.92,86.3,City,Small,1610,18,Fragile,0,21842.13
1799,20.89,93.35,Highway,Medium,2059,9,General,4,39301.8
1350,1.5,88.7,Mixed,Small,2608,6,General,0,13529.18
1782,10.37,88.75,Highway,Small,762,1,Fragile,1,21807.25
1655,29.22,89.74,Highway,Medium,2782,10,Hazardous,4,45841.54
1564,17.82,89.44,Highway,Small,1089,6,Fragile,4,24086.9
1525,8.37,94.95,Highway,Medium,288,12,General,5,21366.54
146,16.13,90.45,City,Small,354,4,General,0,1668.8
1356,10.94,85.88,Mixed,Medium,167,13,Fragile,5,21036.17
1428,16.44,91.07,City,Large,715,17,General,3,36232.97
1649,4.65,86.52,Highway,Medium,2483,8,General,0,17890.39
1266,4.85,85.31,City,Medium,2818,20,Hazardous,0,17606.24
1538,5.16,94.71,City,Medium,2968,3,General,3,21563.17
1636,28.25,92.74,Mixed,Large,973,12,Fragile,1,56823.07
1496,22.25,94.8,Highway,Medium,2447,7,General,1,33260.41
1689,5.71,89.78,Highway,Medium,1725,12,General,4,20511.64
1382,6.46,90.32,City,Large,456,2,General,2,20328.71
755,22.19,86.68,City,Large,355,14,Fragile,5,25035.42
570,5.53,87.47,Highway,Medium,1107,5,General,2,7933.91
1070,7.8,93.39,Highway,Medium,2500,9,General,4,16244.49
1135,28.94,88.56,Highway,Large,1855,11,Fragile,2,37039.76
1453,8.4,93.27,Mixed,Medium,2671,5,Fragile,0,22687.97
835,20.19,92.09,Highway,Small,2903,3,Hazardous,0,15898.79
883,29.38,86.77,Mixed,Small,383,17,General,3,19538.47
1067,11.85,90.07,City,Large,198,2,General,3,22318.06
457,1.51,91.77,Mixed,Small,296,1,Hazardous,4,5701.71
1071,8.08,87.35,Mixed,Large,2629,7,Fragile,4,19617.02
1531,25.1,93.31,Highway,Medium,977,14,General,4,37408.8
767,26.07,90.45,Mixed,Medium,1968,5,General,0,21644.95
472,23.29,86.65,Highway,Small,2762,19,Fragile,2,11754.54
1131,4.28,90.83,Mixed,Small,2765,11,General,5,15205.49
1245,24.07,95.0,City,Large,1488,2,Fragile,4,44718.11
1471,27.64,86.51,Highway,Large,2515,8,General,4,46431.52
775,18.42,93.17,City,Medium,669,9,General,0,17376.84
189,28.29,87.07,Mixed,Medium,2737,3,Fragile,5,10237.07
1771,24.98,92.82,Highway,Medium,1165,2,General,0,40765.76
797,20.34,92.35,City,Medium,521,7,General,5,20089.79
1439,17.74,88.0,Mixed,Medium,2983,5,General,0,30457.75
1301,11.11,88.26,Mixed,Small,1304,5,General,2,17895.16
639,5.62,92.93,Highway,Medium,644,20,Fragile,4,9024.49
831,18.54,89.61,Highway,Large,170,13,Fragile,1,19065.18
968,10.23,92.31,Highway,Large,1323,20,Fragile,1,16679.94
140,26.13,86.48,City,Small,867,6,General,4,5655.52
839,29.81,93.53,Highway,Large,2454,20,General,4,29768.89
1827,22.82,92.11,Mixed,Medium,1806,18,General,4,44880.62
601,3.62,94.07,Highway,Medium,2524,2,Hazardous,4,10449.7
1058,9.37,86.32,City,Small,754,6,Fragile,5,15616.39
1268,4.16,90.93,Highway,Medium,2825,9,Fragile,2,16600.47
1324,19.86,90.99,Highway,Medium,2546,3,General,1,28009.52
1028,23.19,88.53,Highway,Medium,1896,1,General,3,24396.46
1847,27.84,89.58,Highway,Large,320,1,General,1,55131.08
560,13.71,85.38,City,Large,281,19,General,1,12038.69
831,27.14,92.46,Mixed,Medium,406,5,General,0,21344.23
851,26.46,90.49,City,Large,2669,13,Hazardous,4,34905.24
1024,10.2,85.58,Mixed,Medium,1519,19,General,4,16612.26
1008,26.2,91.81,Mixed,Small,1113,12,General,4,22085.15
1681,11.89,89.67,City,Medium,2151,16,General,0,29960.27
1670,9.61,85.34,Mixed,Small,947,19,Hazardous,2,21558.72
1376,19.82,94.7,City,Medium,903,3,General,2,32986.92
489,10.52,94.49,Highway,Small,314,12,Fragile,3,7151.2
1717,19.28,90.13,Mixed,Small,1543,5,Hazardous,2,30381.78
982,18.69,85.94,Highway,Large,200,2,General,2,21926.94
355,17.34,92.55,City,Small,672,7,Fragile,4,8485.79
808,12.03,89.92,Mixed,Medium,1432,13,General,5,16150.31
1938,16.91,88.02,Highway,Small,757,15,General,1,28437.8
549,18.3,89.91,Highway,Medium,1633,3,Fragile,2,12782.58
109,16.82,90.22,Mixed,Medium,1756,20,Fragile,2,5606.4
923,13.89,90.63,City,Large,325,5,General,0,20197.0
897,1.43,89.41,Highway,Medium,204,8,General,3,7644.16
1365,18.02,91.06,City,Small,2097,1,General,5,27291.79
1374,5.88,94.19,City,Medium,871,8,General,0,17792.48
976,19.63,88.62,City,Small,528,18,General,4,17842.75
1128,23.02,92.26,Mixed,Medium,533,20,General,1,27854.99
1242,15.51,93.94,City,Medium,1330,16,General,3,26217.63
1115,16.73,89.56,Highway,Large,2829,18,Fragile,0,25977.97
1924,28.59,89.43,Mixed,Small,2735,20,General,2,42914.05
473,25.57,91.02,Mixed,Medium,965,12,General,2,14035.33
1188,27.51,90.91,Highway,Small,2893,13,General,3,25005.47
245,24.6,93.07,Highway,Medium,2515,13,Hazardous,2,10490.87
323,4.16,89.76,Highway,Medium,350,10,General,0,3912.72
1362,5.32,94.96,City,Large,955,7,General,0,18437.64
276,16.27,85.59,City,Small,1293,14,General,2,5994.94
1902,8.14,85.03,City,Small,660,16,Fragile,2,23507.02
952,14.82,91.4,Mixed,Medium,1569,15,General,4,18684.7
1405,12.44,87.98,Mixed,Small,2441,12,Fragile,1,21860.28
162,16.93,87.4,Highway,Small,1018,9,Hazardous,3,5770.97
1340,22.66,88.12,Highway,Medium,1273,8,Fragile,0,29692.67
1977,21.75,87.56,Highway,Small,532,18,Fragile,3,33046.24
926,16.12,85.31,Highway,Small,2206,18,General,4,16681.68
894,24.85,94.72,City,Large,1068,13,General,0,32005.87
788,13.5,87.21,Mixed,Medium,935,18,Hazardous,4,15865.32
1584,27.0,92.34,Highway,Small,2346,15,General,4,32660.63
1733,3.07,92.63,City,Small,2362,4,General,5,20407.97
204,28.69,94.29,Mixed,Medium,997,17,Fragile,2,7281.69
1222,19.99,85.31,Highway,Small,571,5,General,5,20303.59
610,12.02,93.72,Highway,Medium,346,16,General,3,10720.79
484,6.72,90.27,Highway,Small,2529,9,General,3,7217.8
504,14.9,91.33,Highway,Medium,1090,10,General,2,10292.46
922,6.64,91.44,Mixed,Medium,1026,18,Fragile,5,13450.63
617,5.82,93.2,Highway,Medium,1291,17,General,3,9042.08
575,18.9,88.33,Highway,Large,2707,18,General,5,17536.35
808,16.17,92.33,City,Medium,1174,7,General,2,16738.6
1986,20.43,90.29,Mixed,Small,1934,4,Fragile,0,35836.24
1768,27.96,92.93,Highway,Small,788,5,Fragile,4,36424.5
1993,16.44,94.91,Highway,Medium,2527,16,General,4,38251.75
870,17.85,87.01,Highway,Small,2621,3,Fragile,5,17177.04
1560,3.6,94.95,Highway,Small,2844,18,General,3,18507.8
1146,21.81,85.9,Highway,Large,1584,14,Hazardous,5,31358.25
1096,12.6,85.02,City,Medium,1059,15,General,5,21163.73
1688,29.33,85.44,Highway,Medium,577,17,Fragile,1,43132.12
776,24.87,88.42,Highway,Medium,806,1,General,4,19393.9
